"Seletores";"Cargo";"UF";"Qt VotosVálidos";"Qt Vagas  QE";"QE";"Legenda";"Qt VotosVálidos QP";"Qt VagasQP";"Qt VagasMédia";
"Eleição: Eleições Gerais 2014 - 1º Turno - 05/10/2014 Abrangência: Brasil - Cargo: Todos";"Deputado Federal";"AC";"399.201";"8";"49.900";"PT / PEN / PROS / PDT / PTB / PSL / PTN / PSDC / PHS / PSB / PRP / PPL / PRB / PC do B";"205.333";"4";"1"
"";"";"";"399.201";"8";"49.900";"PP / PMDB / PSC / PR / PPS / PTC / PSDB / PSD / PT do B / SD";"163.800";"3";"0"
"";"";"";"399.201";"8";"49.900";"PSOL";"637";"0";"0"
"";"";"";"399.201";"8";"49.900";"DEM / PV / PMN";"29.431";"0";"0"
"Subtotal";"";"";"1.596.804";"32";"199.600";"";"399.201";"7";"1"
"";"";"AL";"1.384.584";"9";"153.843";"PP / PPS / PSDC / PRP / PR / PSL / PSB / SD / DEM";"464.750";"3";"0"
"";"";"";"1.384.584";"9";"153.843";"PSDB / PRB";"212.364";"1";"0"
"";"";"";"1.384.584";"9";"153.843";"PRTB / PPL / PMN";"189.538";"1";"0"
"";"";"";"1.384.584";"9";"153.843";"PTC";"2.551";"0";"0"
"";"";"";"1.384.584";"9";"153.843";"PCB";"0";"0";"0"
"";"";"";"1.384.584";"9";"153.843";"PTN";"0";"0";"0"
"";"";"";"1.384.584";"9";"153.843";"PDT / PSC / PMDB / PV / PTB / PSD / PT do B / PROS / PC do B / PT / PHS";"501.654";"3";"1"
"";"";"";"1.384.584";"9";"153.843";"PEN";"0";"0";"0"
"";"";"";"1.384.584";"9";"153.843";"PSOL / PSTU";"13.727";"0";"0"
"Subtotal";"";"";"12.461.256";"81";"1.384.587";"";"1.384.584";"8";"1"
"";"";"AM";"1.658.407";"8";"207.301";"PMN";"3.835";"0";"0"
"";"";"";"1.658.407";"8";"207.301";"PSTU";"1.656";"0";"0"
"";"";"";"1.658.407";"8";"207.301";"PCB";"1.258";"0";"0"
"";"";"";"1.658.407";"8";"207.301";"PROS / DEM / PSDB / PR / PTN / PSC / PT do B / PTC / PRTB / PEN / PV / PHS / PSL / PSD / SD";"897.274";"4";"1"
"";"";"";"1.658.407";"8";"207.301";"PRP";"13.777";"0";"0"
"";"";"";"1.658.407";"8";"207.301";"PMDB / PP / PT / PDT / PTB / PPS / PRB / PSDC / PPL / PC do B";"672.592";"3";"0"
"";"";"";"1.658.407";"8";"207.301";"PSB";"62.455";"0";"0"
"";"";"";"1.658.407";"8";"207.301";"PSOL";"5.560";"0";"0"
"Subtotal";"";"";"13.267.256";"64";"1.658.408";"";"1.658.407";"7";"1"
"";"";"AP";"386.084";"8";"48.260";"PP / PDT / PMDB";"96.182";"1";"1"
"";"";"";"386.084";"8";"48.260";"PSTU";"2.173";"0";"0"
"";"";"";"386.084";"8";"48.260";"DEM / PSDB / SD / PSD";"42.935";"0";"0"
"";"";"";"386.084";"8";"48.260";"PR / PRB / PHS / PROS / PSDC / PEN / PV / PT do B";"95.045";"1";"1"
"";"";"";"386.084";"8";"48.260";"PTB / PSC / PPS / PRTB / PMN / PTC / PRP / PPL";"65.677";"1";"1"
"";"";"";"386.084";"8";"48.260";"PSB / PT / PSOL / PC do B";"84.072";"1";"1"
"Subtotal";"";"";"2.316.504";"48";"289.560";"";"386.084";"4";"4"
"";"";"BA";"6.646.541";"39";"170.424";"PPS / PSDC / PTC / PV / PRP / PT do B";"257.147";"1";"0"
"";"";"";"6.646.541";"39";"170.424";"PSB / PSL / PPL";"294.682";"1";"0"
"";"";"";"6.646.541";"39";"170.424";"DEM / PMDB / PSDB / PTN / SD / PROS / PRB / PSC";"2.330.970";"13";"1"
"";"";"";"6.646.541";"39";"170.424";"PSTU";"9.991";"0";"0"
"";"";"";"6.646.541";"39";"170.424";"PP / PDT / PT / PTB / PR / PSD / PC do B";"3.593.090";"21";"2"
"";"";"";"6.646.541";"39";"170.424";"PSOL";"53.225";"0";"0"
"";"";"";"6.646.541";"39";"170.424";"PRTB / PEN";"100.518";"0";"0"
"";"";"";"6.646.541";"39";"170.424";"PMN";"6.918";"0";"0"
"Subtotal";"";"";"53.172.328";"312";"1.363.392";"";"6.646.541";"36";"3"
"";"";"CE";"4.367.020";"22";"198.501";"PSB";"48.274";"0";"0"
"";"";"";"4.367.020";"22";"198.501";"DEM / PPS / PSDC / PTN";"490.205";"2";"0"
"";"";"";"4.367.020";"22";"198.501";"PMDB / PSC / PR / PRP / PSDB";"1.151.547";"5";"1"
"";"";"";"4.367.020";"22";"198.501";"PSTU / PCB / PSOL";"54.403";"0";"0"
"";"";"";"4.367.020";"22";"198.501";"PTC / PEN / PT do B / PRTB / PMN / PPL / PV";"173.151";"0";"0"
"";"";"";"4.367.020";"22";"198.501";"PRB / PP / PDT / PT / PTB / PSL / PHS / PSD / PC do B / SD / PROS";"2.449.440";"12";"2"
"Subtotal";"";"";"26.202.120";"132";"1.191.006";"";"4.367.020";"19";"3"
"";"";"DF";"1.454.063";"8";"181.758";"PSDB / PPS / PSDC";"231.287";"1";"0"
"";"";"";"1.454.063";"8";"181.758";"PSTU";"4.735";"0";"0"
"";"";"";"1.454.063";"8";"181.758";"PT / PRB / PC do B / PP / PSC / PROS";"391.055";"2";"0"
"";"";"";"1.454.063";"8";"181.758";"PSB / SD / PDT / PSD";"277.524";"1";"1"
"";"";"";"1.454.063";"8";"181.758";"PCO";"918";"0";"0"
"";"";"";"1.454.063";"8";"181.758";"PMDB / PT do B / PRP / PHS / PEN / PV / PTN / PPL / PSL / PTC";"255.459";"1";"0"
"";"";"";"1.454.063";"8";"181.758";"PR / PTB / PRTB / PMN / DEM";"272.576";"1";"1"
"";"";"";"1.454.063";"8";"181.758";"PSOL";"19.853";"0";"0"
"";"";"";"1.454.063";"8";"181.758";"PCB";"656";"0";"0"
"Subtotal";"";"";"13.086.567";"72";"1.635.822";"";"1.454.063";"6";"2"
"";"";"ES";"1.794.470";"10";"179.447";"PR / PSC / PPL / PT do B / PTC / PMN / PSDC / PC do B";"48.468";"0";"0"
"";"";"";"1.794.470";"10";"179.447";"PCB / PSTU";"1.631";"0";"0"
"";"";"";"1.794.470";"10";"179.447";"PSOL";"10.889";"0";"0"
"";"";"";"1.794.470";"10";"179.447";"PDT / PT";"430.091";"2";"1"
"";"";"";"1.794.470";"10";"179.447";"PRB / PP / PTB / PHS / PPS / PSD / PV";"287.447";"1";"1"
"";"";"";"1.794.470";"10";"179.447";"PRTB / PSB / PSL / PTN";"274.573";"1";"0"
"";"";"";"1.794.470";"10";"179.447";"PMDB / DEM / PSDB / SD / PROS";"688.837";"3";"1"
"";"";"";"1.794.470";"10";"179.447";"PRP / PEN";"52.534";"0";"0"
"Subtotal";"";"";"14.355.760";"80";"1.435.576";"";"1.794.470";"7";"3"
"";"";"GO";"3.032.760";"17";"178.398";"PSOL";"5.847";"0";"0"
"";"";"";"3.032.760";"17";"178.398";"PSB / PSC / PRP";"162.681";"0";"0"
"";"";"";"3.032.760";"17";"178.398";"PMDB / DEM / SD / PC do B / PRTB / PTN / PPL";"569.356";"3";"0"
"";"";"";"3.032.760";"17";"178.398";"PT";"280.901";"1";"0"
"";"";"";"3.032.760";"17";"178.398";"PSTU";"2.104";"0";"0"
"";"";"";"3.032.760";"17";"178.398";"PSDB / PP / PR / PSD / PTB / PDT / PPS / PROS / PRB";"2.008.437";"11";"2"
"";"";"";"3.032.760";"17";"178.398";"PSDC";"3.434";"0";"0"
"";"";"";"3.032.760";"17";"178.398";"PCB";"0";"0";"0"
"Subtotal";"";"";"24.262.080";"136";"1.427.184";"";"3.032.760";"15";"2"
"";"";"MA";"3.130.492";"18";"173.916";"PSL / PSDC / PRP / PTN / PRTB";"363.632";"2";"0"
"";"";"";"3.130.492";"18";"173.916";"PDT / PTC / PROS";"326.550";"1";"1"
"";"";"";"3.130.492";"18";"173.916";"PSOL";"7.501";"0";"0"
"";"";"";"3.130.492";"18";"173.916";"PPL";"5.969";"0";"0"
"";"";"";"3.130.492";"18";"173.916";"PEN / PMN / PHS / PSC / PT do B";"320.681";"1";"1"
"";"";"";"3.130.492";"18";"173.916";"PMDB / DEM / PTB / PV / PRB / PR";"1.005.832";"5";"1"
"";"";"";"3.130.492";"18";"173.916";"PSTU";"9.428";"0";"0"
"";"";"";"3.130.492";"18";"173.916";"PT / PSD";"273.844";"1";"0"
"";"";"";"3.130.492";"18";"173.916";"PCB";"3.637";"0";"0"
"";"";"";"3.130.492";"18";"173.916";"SD / PP / PC do B / PPS / PSDB / PSB";"813.418";"4";"1"
"Subtotal";"";"";"31.304.920";"180";"1.739.160";"";"3.130.492";"14";"4"
"";"";"MG";"10.135.045";"53";"191.227";"PT / PMDB / PC do B / PROS / PRB";"3.198.433";"16";"1"
"";"";"";"10.135.045";"53";"191.227";"PSB / PPL / PRTB";"566.836";"2";"1"
"";"";"";"10.135.045";"53";"191.227";"PCB";"15.552";"0";"0"
"";"";"";"10.135.045";"53";"191.227";"PCO";"4.390";"0";"0"
"";"";"";"10.135.045";"53";"191.227";"PSTU / PSOL";"74.928";"0";"0"
"";"";"";"10.135.045";"53";"191.227";"PTB / PMN";"497.523";"2";"0"
"";"";"";"10.135.045";"53";"191.227";"PSC / PTC / PSL";"380.518";"1";"1"
"";"";"";"10.135.045";"53";"191.227";"PTN / PSDC";"196.039";"1";"0"
"";"";"";"10.135.045";"53";"191.227";"DEM / PSDB / PP / PR / PSD / SD";"3.893.294";"20";"1"
"";"";"";"10.135.045";"53";"191.227";"PPS / PV / PDT";"592.308";"3";"0"
"";"";"";"10.135.045";"53";"191.227";"PT do B / PRP / PHS / PEN";"715.224";"3";"1"
"Subtotal";"";"";"111.485.495";"583";"2.103.497";"";"10.135.045";"48";"5"
"";"";"MS";"1.276.893";"8";"159.612";"PT / PR / PDT / PROS / PTC / PC do B / PTB / PSDC";"454.514";"2";"1"
"";"";"";"1.276.893";"8";"159.612";"PMDB / PSB / PRB / PTN / PEN / PSC";"494.349";"3";"0"
"";"";"";"1.276.893";"8";"159.612";"PT do B / PHS / PRTB";"13.220";"0";"0"
"";"";"";"1.276.893";"8";"159.612";"PP";"22.981";"0";"0"
"";"";"";"1.276.893";"8";"159.612";"PRP / PSL / PPL / PV";"19.338";"0";"0"
"";"";"";"1.276.893";"8";"159.612";"PSTU";"1.727";"0";"0"
"";"";"";"1.276.893";"8";"159.612";"PSOL";"5.844";"0";"0"
"";"";"";"1.276.893";"8";"159.612";"PSDB / DEM / PSD / SD / PPS / PMN";"264.920";"1";"1"
"Subtotal";"";"";"10.215.144";"64";"1.276.896";"";"1.276.893";"6";"2"
"";"";"MT";"1.454.612";"8";"181.826";"PHS / PMN";"10.347";"0";"0"
"";"";"";"1.454.612";"8";"181.826";"PSOL";"88.500";"0";"0"
"";"";"";"1.454.612";"8";"181.826";"PT do B";"3.229";"0";"0"
"";"";"";"1.454.612";"8";"181.826";"PC do B";"3.508";"0";"0"
"";"";"";"1.454.612";"8";"181.826";"PSD / PTC / PTN / PEN / PRTB / SD";"178.268";"0";"0"
"";"";"";"1.454.612";"8";"181.826";"PDT / PP / DEM / PSDB / PSB / PPS / PTB / PSC / PSL / PRB";"707.848";"3";"2"
"";"";"";"1.454.612";"8";"181.826";"PT / PMDB / PROS / PR";"462.912";"2";"1"
"Subtotal";"";"";"10.182.284";"56";"1.272.782";"";"1.454.612";"5";"3"
"";"";"PA";"3.756.049";"17";"220.944";"PV";"8.749";"0";"0"
"";"";"";"3.756.049";"17";"220.944";"PMDB / PT";"1.056.259";"4";"1"
"";"";"";"3.756.049";"17";"220.944";"PSDB / PSD / PSB / PP / PSC / PTB / PPS / PT do B / PTC";"1.416.400";"6";"1"
"";"";"";"3.756.049";"17";"220.944";"PCB";"1.031";"0";"0"
"";"";"";"3.756.049";"17";"220.944";"PTN";"1.427";"0";"0"
"";"";"";"3.756.049";"17";"220.944";"PR / DEM / PHS / PROS / PC do B / PSL / PDT / PPL";"668.804";"3";"0"
"";"";"";"3.756.049";"17";"220.944";"PRTB";"404";"0";"0"
"";"";"";"3.756.049";"17";"220.944";"PRB / SD";"347.324";"1";"0"
"";"";"";"3.756.049";"17";"220.944";"PMN / PRP / PEN";"23.884";"0";"0"
"";"";"";"3.756.049";"17";"220.944";"PSOL / PSTU";"231.767";"1";"0"
"Subtotal";"";"";"37.560.490";"170";"2.209.440";"";"3.756.049";"15";"2"
"";"";"PB";"1.936.819";"12";"161.402";"PSDB / PEN / PR / PTB / PSD / SD / PMN / PPS / PT do B / PTN / PRB / PSDC / PSC / PP";"953.079";"5";"1"
"";"";"";"1.936.819";"12";"161.402";"PROS";"7.391";"0";"0"
"";"";"";"1.936.819";"12";"161.402";"PCO";"851";"0";"0"
"";"";"";"1.936.819";"12";"161.402";"PTC";"792";"0";"0"
"";"";"";"1.936.819";"12";"161.402";"PSOL";"60.910";"0";"0"
"";"";"";"1.936.819";"12";"161.402";"PSB / DEM / PRTB / PDT / PRP / PV / PT / PSL / PC do B / PHS / PPL";"472.065";"2";"1"
"";"";"";"1.936.819";"12";"161.402";"PMDB";"441.731";"2";"1"
"Subtotal";"";"";"13.557.733";"84";"1.129.814";"";"1.936.819";"9";"3"
"";"";"PE";"4.483.227";"25";"179.329";"PSDC / PTN / PRP / PSL / PHS / PRTB";"237.830";"1";"0"
"";"";"";"4.483.227";"25";"179.329";"PSB / PMDB / PC do B / PV / PR / PSD / PPS / PSDB / SD / PPL / DEM / PROS / PP / PEN / PTC";"3.031.449";"16";"2"
"";"";"";"4.483.227";"25";"179.329";"PCB";"7.321";"0";"0"
"";"";"";"4.483.227";"25";"179.329";"PSOL / PMN";"26.051";"0";"0"
"";"";"";"4.483.227";"25";"179.329";"PSTU";"5.436";"0";"0"
"";"";"";"4.483.227";"25";"179.329";"PTB / PT / PSC / PDT / PRB / PT do B";"1.175.140";"6";"0"
"Subtotal";"";"";"26.899.362";"150";"1.075.974";"";"4.483.227";"23";"2"
"";"";"PI";"1.733.434";"10";"173.343";"PSTU";"3.492";"0";"0"
"";"";"";"1.733.434";"10";"173.343";"PT / PP / PTB / PHS / PR / PROS / PRP / SD";"784.868";"4";"1"
"";"";"";"1.733.434";"10";"173.343";"PMDB / PTN / PTC / PDT / PSB / PSD / PRB / DEM / PSDC / PT do B / PC do B / PPS / PSDB";"924.807";"5";"0"
"";"";"";"1.733.434";"10";"173.343";"PSOL / PCB";"5.497";"0";"0"
"";"";"";"1.733.434";"10";"173.343";"PSC";"1.985";"0";"0"
"";"";"";"1.733.434";"10";"173.343";"PCO";"0";"0";"0"
"";"";"";"1.733.434";"10";"173.343";"PV / PSL / PMN / PEN";"9.973";"0";"0"
"";"";"";"1.733.434";"10";"173.343";"PPL";"2.812";"0";"0"
"Subtotal";"";"";"13.867.472";"80";"1.386.744";"";"1.733.434";"9";"1"
"";"";"PR";"5.665.222";"30";"188.841";"PSDB / DEM / PR / PSC / PT do B / PP / SD / PSD / PPS";"2.601.709";"13";"2"
"";"";"";"5.665.222";"30";"188.841";"PT / PDT / PRB / PTN / PC do B";"1.109.905";"5";"1"
"";"";"";"5.665.222";"30";"188.841";"PSOL";"27.320";"0";"0"
"";"";"";"5.665.222";"30";"188.841";"PTC";"11.824";"0";"0"
"";"";"";"5.665.222";"30";"188.841";"PSB";"354.244";"1";"1"
"";"";"";"5.665.222";"30";"188.841";"PSTU";"5.713";"0";"0"
"";"";"";"5.665.222";"30";"188.841";"PSDC / PEN / PTB / PHS / PMN / PROS";"501.148";"2";"0"
"";"";"";"5.665.222";"30";"188.841";"PRP";"7.031";"0";"0"
"";"";"";"5.665.222";"30";"188.841";"PCB";"4.590";"0";"0"
"";"";"";"5.665.222";"30";"188.841";"PSL";"9.792";"0";"0"
"";"";"";"5.665.222";"30";"188.841";"PV / PPL";"280.767";"1";"0"
"";"";"";"5.665.222";"30";"188.841";"PMDB";"747.306";"3";"1"
"";"";"";"5.665.222";"30";"188.841";"PRTB";"3.873";"0";"0"
"Subtotal";"";"";"73.647.886";"390";"2.454.933";"";"5.665.222";"25";"5"
"";"";"RJ";"7.673.438";"46";"166.814";"PT do B";"77.477";"0";"0"
"";"";"";"7.673.438";"46";"166.814";"PMDB / PP / PSC / PSD / PTB";"2.760.181";"16";"3"
"";"";"";"7.673.438";"46";"166.814";"PDT";"227.702";"1";"0"
"";"";"";"7.673.438";"46";"166.814";"PSTU";"13.881";"0";"0"
"";"";"";"7.673.438";"46";"166.814";"PCB";"7.305";"0";"0"
"";"";"";"7.673.438";"46";"166.814";"SD / PSL";"362.622";"2";"0"
"";"";"";"7.673.438";"46";"166.814";"PSOL";"531.415";"3";"0"
"";"";"";"7.673.438";"46";"166.814";"PT / PSB / PC do B";"988.338";"5";"2"
"";"";"";"7.673.438";"46";"166.814";"PSDB / PPS / DEM";"401.119";"2";"0"
"";"";"";"7.673.438";"46";"166.814";"PV";"70.945";"0";"0"
"";"";"";"7.673.438";"46";"166.814";"PCO";"1.467";"0";"0"
"";"";"";"7.673.438";"46";"166.814";"PRB";"391.912";"2";"0"
"";"";"";"7.673.438";"46";"166.814";"PEN";"101.516";"0";"0"
"";"";"";"7.673.438";"46";"166.814";"PR / PROS";"1.232.315";"7";"1"
"";"";"";"7.673.438";"46";"166.814";"PSDC / PMN / PTC";"188.337";"1";"0"
"";"";"";"7.673.438";"46";"166.814";"PHS / PTN";"142.844";"0";"0"
"";"";"";"7.673.438";"46";"166.814";"PRP / PRTB / PPL";"174.062";"1";"0"
"Subtotal";"";"";"130.448.446";"782";"2.835.838";"";"7.673.438";"40";"6"
"";"";"RN";"1.580.871";"8";"197.609";"PTC / PRTB";"5.867";"0";"0"
"";"";"";"1.580.871";"8";"197.609";"PSTU";"12.551";"0";"0"
"";"";"";"1.580.871";"8";"197.609";"PMDB / PR / PSB / PROS / PDT / SD / PSC / DEM / PV / PMN / PRP / PSDB / PSDC / PRB";"1.085.296";"5";"1"
"";"";"";"1.580.871";"8";"197.609";"PSD / PT / PC do B / PT do B / PP / PEN";"422.591";"2";"0"
"";"";"";"1.580.871";"8";"197.609";"PSL";"7.619";"0";"0"
"";"";"";"1.580.871";"8";"197.609";"PHS / PPS / PTB / PTN";"34.626";"0";"0"
"";"";"";"1.580.871";"8";"197.609";"PSOL";"12.321";"0";"0"
"Subtotal";"";"";"11.066.097";"56";"1.383.263";"";"1.580.871";"7";"1"
"";"";"RO";"798.475";"8";"99.809";"PSOL / PSTU";"7.074";"0";"0"
"";"";"";"798.475";"8";"99.809";"PT";"90.970";"0";"0"
"";"";"";"798.475";"8";"99.809";"PP / PR / PPS / PTC / PV / PROS";"111.726";"1";"0"
"";"";"";"798.475";"8";"99.809";"PMDB / PRTB / PC do B / PDT / PRP / PSB / PTB / PSL / PTN";"404.643";"4";"1"
"";"";"";"798.475";"8";"99.809";"PSDB / PSDC / PSD / PEN / SD / PHS / PSC / PMN / PT do B / PRB / DEM";"184.062";"1";"1"
"Subtotal";"";"";"3.992.375";"40";"499.045";"";"798.475";"6";"2"
"";"";"RR";"238.099";"8";"29.762";"PRTB / PHS / PPL / PMN / PEN / PSDC / PT do B / PSC / PSL / PPS";"51.987";"1";"1"
"";"";"";"238.099";"8";"29.762";"PP / PTB / DEM";"20.363";"0";"0"
"";"";"";"238.099";"8";"29.762";"PSDB / PR / PRB / PSD / SD / PROS / PRP / PMDB / PSB / PTN";"129.106";"4";"1"
"";"";"";"238.099";"8";"29.762";"PSTU / PSOL";"650";"0";"0"
"";"";"";"238.099";"8";"29.762";"PT / PDT / PV / PTC / PC do B";"35.993";"1";"0"
"Subtotal";"";"";"1.190.495";"40";"148.810";"";"238.099";"6";"2"
"";"";"RS";"5.942.063";"31";"191.679";"PDT / PSC / PV / PEN / DEM";"719.685";"3";"1"
"";"";"";"5.942.063";"31";"191.679";"PCB";"2.445";"0";"0"
"";"";"";"5.942.063";"31";"191.679";"PSOL / PSTU";"88.054";"0";"0"
"";"";"";"5.942.063";"31";"191.679";"PSB / PPS / PSD / PT do B / PHS / PSL / PSDC";"638.265";"3";"0"
"";"";"";"5.942.063";"31";"191.679";"PT";"1.385.264";"7";"0"
"";"";"";"5.942.063";"31";"191.679";"PRTB";"4.249";"0";"0"
"";"";"";"5.942.063";"31";"191.679";"PP / PRB / SD / PSDB";"1.409.505";"7";"1"
"";"";"";"5.942.063";"31";"191.679";"PMDB";"981.415";"5";"0"
"";"";"";"5.942.063";"31";"191.679";"PRP";"3.764";"0";"0"
"";"";"";"5.942.063";"31";"191.679";"PMN";"3.507";"0";"0"
"";"";"";"5.942.063";"31";"191.679";"PTB / PC do B / PR / PPL / PROS / PTC";"705.910";"3";"1"
"Subtotal";"";"";"65.362.693";"341";"2.108.469";"";"5.942.063";"28";"3"
"";"";"SC";"3.376.535";"16";"211.033";"PPL / PMN";"8.294";"0";"0"
"";"";"";"3.376.535";"16";"211.033";"PT do B / PSL / PTN";"27.042";"0";"0"
"";"";"";"3.376.535";"16";"211.033";"PP / PPS / PRTB / PHS / PSDB / PEN / SD / PTC / PSB";"935.843";"4";"1"
"";"";"";"3.376.535";"16";"211.033";"PSOL";"38.271";"0";"0"
"";"";"";"3.376.535";"16";"211.033";"PCB";"1.740";"0";"0"
"";"";"";"3.376.535";"16";"211.033";"PSTU";"8.530";"0";"0"
"";"";"";"3.376.535";"16";"211.033";"PRP";"10.785";"0";"0"
"";"";"";"3.376.535";"16";"211.033";"PT";"488.347";"2";"0"
"";"";"";"3.376.535";"16";"211.033";"PSD / PC do B / PV / PMDB / PR / PTB / PSC / PSDC / PROS / PRB / PDT / DEM";"1.857.683";"8";"1"
"Subtotal";"";"";"30.388.815";"144";"1.899.297";"";"3.376.535";"14";"2"
"";"";"SE";"1.052.826";"8";"131.603";"PPL";"1.077";"0";"0"
"";"";"";"1.052.826";"8";"131.603";"PRTB";"3.113";"0";"0"
"";"";"";"1.052.826";"8";"131.603";"PTN";"0";"0";"0"
"";"";"";"1.052.826";"8";"131.603";"PT / PDT / PSB / PMDB / PC do B / PRP / PROS / PSD / PRB / PSDC";"567.680";"4";"1"
"";"";"";"1.052.826";"8";"131.603";"PSOL / PSTU / PCB";"25.820";"0";"0"
"";"";"";"1.052.826";"8";"131.603";"PMN";"3.646";"0";"0"
"";"";"";"1.052.826";"8";"131.603";"PP / PTB / PSL / PSC / PR / PPS / DEM / PHS / PTC / PV / PSDB / PEN / PT do B / SD";"451.490";"3";"0"
"Subtotal";"";"";"7.369.782";"56";"921.221";"";"1.052.826";"7";"1"
"";"";"SP";"21.266.194";"70";"303.803";"PTB";"701.693";"2";"0"
"";"";"";"21.266.194";"70";"303.803";"PSOL / PSTU";"462.992";"1";"0"
"";"";"";"21.266.194";"70";"303.803";"PSDC";"30.083";"0";"0"
"";"";"";"21.266.194";"70";"303.803";"PRB";"2.241.552";"7";"1"
"";"";"";"21.266.194";"70";"303.803";"PCO";"5.343";"0";"0"
"";"";"";"21.266.194";"70";"303.803";"PV";"955.373";"3";"0"
"";"";"";"21.266.194";"70";"303.803";"PCB";"10.853";"0";"0"
"";"";"";"21.266.194";"70";"303.803";"PPL";"25.138";"0";"0"
"";"";"";"21.266.194";"70";"303.803";"PSDB / DEM / PPS";"5.537.630";"18";"2"
"";"";"";"21.266.194";"70";"303.803";"PHS / PRP";"252.205";"0";"0"
"";"";"";"21.266.194";"70";"303.803";"PMDB / PROS / PP / PSD";"2.635.036";"8";"1"
"";"";"";"21.266.194";"70";"303.803";"PDT";"454.473";"1";"0"
"";"";"";"21.266.194";"70";"303.803";"PSL / PTN / PMN / PTC / PT do B";"350.882";"1";"0"
"";"";"";"21.266.194";"70";"303.803";"SD";"501.003";"1";"0"
"";"";"";"21.266.194";"70";"303.803";"PR";"1.701.667";"5";"1"
"";"";"";"21.266.194";"70";"303.803";"PEN";"176.184";"0";"0"
"";"";"";"21.266.194";"70";"303.803";"PRTB";"33.397";"0";"0"
"";"";"";"21.266.194";"70";"303.803";"PT / PC do B";"3.170.003";"10";"1"
"";"";"";"21.266.194";"70";"303.803";"PSC";"828.477";"2";"1"
"";"";"";"21.266.194";"70";"303.803";"PSB";"1.192.210";"3";"1"
"Subtotal";"";"";"425.323.880";"1.400";"6.076.060";"";"21.266.194";"62";"8"
"";"";"TO";"733.225";"8";"91.653";"PRB / PP / PDT / PTB / PSL / PSC / PR / PPS / DEM / PRTB / PHS / PTC / PSB / PRP / PSDB / PEN / SD";"384.967";"4";"0"
"";"";"";"733.225";"8";"91.653";"PSOL";"1.770";"0";"0"
"";"";"";"733.225";"8";"91.653";"PROS / PTN / PPL / PMN / PSDC / PC do B / PT do B";"6.282";"0";"0"
"";"";"";"733.225";"8";"91.653";"PMDB / PV / PT / PSD";"339.391";"3";"1"
"";"";"";"733.225";"8";"91.653";"PCB";"815";"0";"0"
"Subtotal";"";"";"3.666.125";"40";"458.265";"";"733.225";"7";"1"
"Subtotal";"";"";"1.168.250.169";"5.613";"41.564.643";"";"97.356.649";"440";"73"
"";"Deputado Estadual";"AC";"405.514";"24";"16.896";"PSD";"18.855";"1";"0"
"";"";"";"405.514";"24";"16.896";"PSDC / PSL";"19.103";"1";"0"
"";"";"";"405.514";"24";"16.896";"DEM / PV / PMN";"30.679";"1";"1"
"";"";"";"405.514";"24";"16.896";"PPS / PR / SD";"24.641";"1";"0"
"";"";"";"405.514";"24";"16.896";"PP";"27.643";"1";"1"
"";"";"";"405.514";"24";"16.896";"PC do B / PTB";"21.452";"1";"0"
"";"";"";"405.514";"24";"16.896";"PDT";"33.087";"1";"1"
"";"";"";"405.514";"24";"16.896";"PMDB / PSDB / PT do B / PTC / PSC";"48.053";"2";"1"
"";"";"";"405.514";"24";"16.896";"PRB / PTN / PHS / PPL";"44.822";"2";"1"
"";"";"";"405.514";"24";"16.896";"PRP";"25.911";"1";"0"
"";"";"";"405.514";"24";"16.896";"PSOL";"1.136";"0";"0"
"";"";"";"405.514";"24";"16.896";"PT / PEN / PROS";"83.174";"4";"2"
"";"";"";"405.514";"24";"16.896";"PSB";"26.958";"1";"0"
"Subtotal";"";"";"5.271.682";"312";"219.648";"";"405.514";"17";"7"
"";"";"AL";"1.429.143";"27";"52.931";"PSDB / PRB";"243.969";"4";"1"
"";"";"";"1.429.143";"27";"52.931";"PT";"99.305";"1";"1"
"";"";"";"1.429.143";"27";"52.931";"PDT / PMDB / PSC / PTB / PSD";"434.254";"8";"0"
"";"";"";"1.429.143";"27";"52.931";"PP / PPS / PSDC / PRP / PR / PSL / PSB / SD / DEM";"337.475";"6";"0"
"";"";"";"1.429.143";"27";"52.931";"PSOL / PSTU";"8.972";"0";"0"
"";"";"";"1.429.143";"27";"52.931";"PROS / PT do B / PHS / PC do B / PV";"105.715";"1";"1"
"";"";"";"1.429.143";"27";"52.931";"PTC";"2.509";"0";"0"
"";"";"";"1.429.143";"27";"52.931";"PRTB / PPL / PMN";"196.944";"3";"1"
"Subtotal";"";"";"11.433.144";"216";"423.448";"";"1.429.143";"23";"4"
"";"";"AM";"1.658.770";"24";"69.115";"PMDB / PP / PT / PTB / PRB";"410.613";"5";"2"
"";"";"";"1.658.770";"24";"69.115";"PSB";"86.591";"1";"0"
"";"";"";"1.658.770";"24";"69.115";"DEM / PEN / PHS";"115.885";"1";"0"
"";"";"";"1.658.770";"24";"69.115";"PR / PT do B / PSL / SD / PRP";"126.376";"1";"1"
"";"";"";"1.658.770";"24";"69.115";"PMN";"6.619";"0";"0"
"";"";"";"1.658.770";"24";"69.115";"PCB";"1.046";"0";"0"
"";"";"";"1.658.770";"24";"69.115";"PPS / PDT";"121.594";"1";"1"
"";"";"";"1.658.770";"24";"69.115";"PSDC / PPL";"49.848";"0";"0"
"";"";"";"1.658.770";"24";"69.115";"PROS / PSD / PSDB / PSC";"409.781";"5";"2"
"";"";"";"1.658.770";"24";"69.115";"PV / PTC";"85.755";"1";"0"
"";"";"";"1.658.770";"24";"69.115";"PSOL";"10.348";"0";"0"
"";"";"";"1.658.770";"24";"69.115";"PSTU";"1.828";"0";"0"
"";"";"";"1.658.770";"24";"69.115";"PTN / PRTB";"154.078";"2";"0"
"";"";"";"1.658.770";"24";"69.115";"PC do B";"78.408";"1";"0"
"Subtotal";"";"";"23.222.780";"336";"967.610";"";"1.658.770";"18";"6"
"";"";"AP";"393.168";"24";"16.382";"PROS / PV / PSDC / PEN";"41.893";"2";"1"
"";"";"";"393.168";"24";"16.382";"PRP";"7.409";"0";"0"
"";"";"";"393.168";"24";"16.382";"PSTU";"1.208";"0";"0"
"";"";"";"393.168";"24";"16.382";"PSB";"36.089";"2";"0"
"";"";"";"393.168";"24";"16.382";"PP / PDT / PMDB";"61.357";"3";"1"
"";"";"";"393.168";"24";"16.382";"PT do B / PTN";"17.990";"1";"0"
"";"";"";"393.168";"24";"16.382";"PSOL / PT / PC do B";"38.124";"2";"0"
"";"";"";"393.168";"24";"16.382";"PTB / PPS / PRTB / PMN / PTC / PPL";"36.381";"2";"0"
"";"";"";"393.168";"24";"16.382";"PSC";"28.478";"1";"1"
"";"";"";"393.168";"24";"16.382";"DEM / PSDB / SD / PSD";"52.272";"3";"0"
"";"";"";"393.168";"24";"16.382";"PR / PRB / PHS";"71.967";"4";"1"
"Subtotal";"";"";"4.324.848";"264";"180.202";"";"393.168";"20";"4"
"";"";"BA";"6.858.831";"63";"108.870";"PSTU";"6.263";"0";"0"
"";"";"";"6.858.831";"63";"108.870";"PSOL";"82.260";"0";"0"
"";"";"";"6.858.831";"63";"108.870";"DEM / PMDB / PSDB / PTN / SD / PROS / PRB / PSC";"2.467.910";"22";"1"
"";"";"";"6.858.831";"63";"108.870";"PMN";"23.190";"0";"0"
"";"";"";"6.858.831";"63";"108.870";"PC do B";"348.428";"3";"0"
"";"";"";"6.858.831";"63";"108.870";"PSB / PSL / PPL";"310.925";"2";"1"
"";"";"";"6.858.831";"63";"108.870";"PPS / PSDC / PTC / PV / PRP / PT do B";"472.493";"4";"0"
"";"";"";"6.858.831";"63";"108.870";"PP / PDT / PT / PTB / PR / PSD";"3.087.519";"28";"2"
"";"";"";"6.858.831";"63";"108.870";"PRTB / PEN";"59.843";"0";"0"
"Subtotal";"";"";"61.729.479";"567";"979.830";"";"6.858.831";"59";"4"
"";"";"CE";"4.461.969";"46";"96.999";"PSC";"103.679";"1";"0"
"";"";"";"4.461.969";"46";"96.999";"PDT";"326.841";"3";"0"
"";"";"";"4.461.969";"46";"96.999";"PMDB / PR / DEM / PRP / PSDB";"981.096";"10";"1"
"";"";"";"4.461.969";"46";"96.999";"PC do B";"187.906";"1";"1"
"";"";"";"4.461.969";"46";"96.999";"PRB / PT / PTB / PSL / PHS / PV / PSD / SD / PROS";"2.044.402";"21";"1"
"";"";"";"4.461.969";"46";"96.999";"PT do B / PMN / PP";"213.988";"2";"0"
"";"";"";"4.461.969";"46";"96.999";"PEN / PRTB / PPL";"133.731";"1";"0"
"";"";"";"4.461.969";"46";"96.999";"PTC";"67.168";"0";"0"
"";"";"";"4.461.969";"46";"96.999";"PTN / PPS / PSDC";"278.267";"2";"1"
"";"";"";"4.461.969";"46";"96.999";"PSTU / PCB / PSOL";"109.830";"1";"0"
"";"";"";"4.461.969";"46";"96.999";"PSB";"15.061";"0";"0"
"Subtotal";"";"";"49.081.659";"506";"1.066.989";"";"4.461.969";"42";"4"
"";"";"ES";"1.902.434";"30";"63.414";"PDT / PT";"307.778";"4";"1"
"";"";"";"1.902.434";"30";"63.414";"PMDB / PEN / DEM";"421.844";"6";"1"
"";"";"";"1.902.434";"30";"63.414";"PR / PV / PSC / PPL";"131.563";"2";"0"
"";"";"";"1.902.434";"30";"63.414";"PCB / PSTU";"2.188";"0";"0"
"";"";"";"1.902.434";"30";"63.414";"PRP / PROS";"188.015";"2";"1"
"";"";"";"1.902.434";"30";"63.414";"PRB / PTC / PHS / PRTB / PSDC / PC do B";"162.192";"2";"0"
"";"";"";"1.902.434";"30";"63.414";"PSB / PPS / PSD / PMN";"340.695";"5";"1"
"";"";"";"1.902.434";"30";"63.414";"SD / PSDB";"203.655";"3";"0"
"";"";"";"1.902.434";"30";"63.414";"PSOL";"8.706";"0";"0"
"";"";"";"1.902.434";"30";"63.414";"PTN / PSL / PT do B / PP / PTB";"135.798";"2";"0"
"Subtotal";"";"";"19.024.340";"300";"634.140";"";"1.902.434";"26";"4"
"";"";"GO";"3.135.604";"41";"76.478";"PSDB / PP / PR / PSD / PTB";"1.254.669";"16";"3"
"";"";"";"3.135.604";"41";"76.478";"PT do B";"3.268";"0";"0"
"";"";"";"3.135.604";"41";"76.478";"PROS / PPS / PEN / PV";"112.789";"1";"0"
"";"";"";"3.135.604";"41";"76.478";"PSB / PSC / PRP";"186.068";"2";"0"
"";"";"";"3.135.604";"41";"76.478";"PT";"324.390";"4";"0"
"";"";"";"3.135.604";"41";"76.478";"PTN / PRTB / PC do B / PPL / SD";"245.159";"3";"0"
"";"";"";"3.135.604";"41";"76.478";"PSL / PTC";"131.169";"1";"0"
"";"";"";"3.135.604";"41";"76.478";"PSDC";"25.260";"0";"0"
"";"";"";"3.135.604";"41";"76.478";"PDT / PMN";"189.144";"2";"0"
"";"";"";"3.135.604";"41";"76.478";"DEM / PMDB";"422.573";"5";"1"
"";"";"";"3.135.604";"41";"76.478";"PSTU";"1.674";"0";"0"
"";"";"";"3.135.604";"41";"76.478";"PSOL";"15.654";"0";"0"
"";"";"";"3.135.604";"41";"76.478";"PHS";"142.381";"1";"1"
"";"";"";"3.135.604";"41";"76.478";"PRB";"79.511";"1";"0"
"";"";"";"3.135.604";"41";"76.478";"PCB";"1.895";"0";"0"
"Subtotal";"";"";"47.034.060";"615";"1.147.170";"";"3.135.604";"36";"5"
"";"";"MA";"3.192.311";"42";"76.007";"PPL";"12.561";"0";"0"
"";"";"";"3.192.311";"42";"76.007";"PEN / PMN / PHS / PSD";"265.668";"3";"0"
"";"";"";"3.192.311";"42";"76.007";"PSOL";"11.002";"0";"0"
"";"";"";"3.192.311";"42";"76.007";"PMDB / DEM / PTB / PV / PT do B / PSC / PRTB / PR";"1.110.756";"14";"2"
"";"";"";"3.192.311";"42";"76.007";"PTC";"100.352";"1";"0"
"";"";"";"3.192.311";"42";"76.007";"PSB / PDT / PC do B / PSDB";"608.474";"8";"1"
"";"";"";"3.192.311";"42";"76.007";"PP / PROS / SD / PPS";"253.567";"3";"0"
"";"";"";"3.192.311";"42";"76.007";"PRP / PSDC / PTN";"267.091";"3";"0"
"";"";"";"3.192.311";"42";"76.007";"PSL";"139.263";"1";"1"
"";"";"";"3.192.311";"42";"76.007";"PRB";"242.613";"3";"0"
"";"";"";"3.192.311";"42";"76.007";"PCB";"4.603";"0";"0"
"";"";"";"3.192.311";"42";"76.007";"PT";"169.623";"2";"0"
"";"";"";"3.192.311";"42";"76.007";"PSTU";"6.738";"0";"0"
"Subtotal";"";"";"41.500.043";"546";"988.091";"";"3.192.311";"38";"4"
"";"";"MG";"10.404.855";"77";"135.128";"PT / PROS / PMDB / PRB";"2.816.772";"20";"3"
"";"";"";"10.404.855";"77";"135.128";"PCO";"0";"0";"0"
"";"";"";"10.404.855";"77";"135.128";"PC do B";"406.792";"3";"0"
"";"";"";"10.404.855";"77";"135.128";"PSB / PPL / PRTB";"478.488";"3";"0"
"";"";"";"10.404.855";"77";"135.128";"PMN";"176.116";"1";"0"
"";"";"";"10.404.855";"77";"135.128";"DEM / PSDB / PP / PSD / PPS";"2.689.864";"19";"2"
"";"";"";"10.404.855";"77";"135.128";"PTB / SD";"603.076";"4";"0"
"";"";"";"10.404.855";"77";"135.128";"PCB";"35.651";"0";"0"
"";"";"";"10.404.855";"77";"135.128";"PSC / PTC / PSL";"485.492";"3";"0"
"";"";"";"10.404.855";"77";"135.128";"PTN / PSDC";"390.323";"2";"1"
"";"";"";"10.404.855";"77";"135.128";"PSTU / PSOL";"75.730";"0";"0"
"";"";"";"10.404.855";"77";"135.128";"PR";"489.704";"3";"0"
"";"";"";"10.404.855";"77";"135.128";"PRP / PEN / PHS";"342.816";"2";"0"
"";"";"";"10.404.855";"77";"135.128";"PDT / PV";"981.199";"7";"1"
"";"";"";"10.404.855";"77";"135.128";"PT do B";"432.832";"3";"0"
"Subtotal";"";"";"156.072.825";"1.155";"2.026.920";"";"10.404.855";"70";"7"
"";"";"MS";"1.312.924";"24";"54.705";"PDT / PSDC";"131.085";"2";"1"
"";"";"";"1.312.924";"24";"54.705";"PTB / PSL / PRP";"44.939";"0";"0"
"";"";"";"1.312.924";"24";"54.705";"PSOL";"4.712";"0";"0"
"";"";"";"1.312.924";"24";"54.705";"PT / PR / PROS";"296.184";"5";"1"
"";"";"";"1.312.924";"24";"54.705";"PSB / PT do B / PRTB / PHS / PSC / PEN / PRB";"210.198";"3";"1"
"";"";"";"1.312.924";"24";"54.705";"PTN";"25.421";"0";"0"
"";"";"";"1.312.924";"24";"54.705";"PSTU";"1.304";"0";"0"
"";"";"";"1.312.924";"24";"54.705";"PMDB";"281.104";"5";"1"
"";"";"";"1.312.924";"24";"54.705";"PSDB / DEM / PSD / SD / PPS / PMN";"248.844";"4";"1"
"";"";"";"1.312.924";"24";"54.705";"PV / PC do B / PTC / PPL";"45.288";"0";"0"
"";"";"";"1.312.924";"24";"54.705";"PP";"23.845";"0";"0"
"Subtotal";"";"";"14.442.164";"264";"601.755";"";"1.312.924";"19";"5"
"";"";"MT";"1.518.579";"24";"63.274";"PTB / PSL / PPS";"57.706";"0";"0"
"";"";"";"1.518.579";"24";"63.274";"PTC / PEN / PTN / PRTB / SD";"64.111";"1";"0"
"";"";"";"1.518.579";"24";"63.274";"PSD";"237.812";"3";"1"
"";"";"";"1.518.579";"24";"63.274";"PSOL";"5.543";"0";"0"
"";"";"";"1.518.579";"24";"63.274";"PT do B";"1.020";"0";"0"
"";"";"";"1.518.579";"24";"63.274";"PT / PMDB / PR / PC do B / PROS";"500.154";"7";"2"
"";"";"";"1.518.579";"24";"63.274";"PDT / DEM / PSDB";"347.981";"5";"1"
"";"";"";"1.518.579";"24";"63.274";"PRP / PSC / PSDC / PRB / PV";"110.914";"1";"0"
"";"";"";"1.518.579";"24";"63.274";"PP / PSB";"193.338";"3";"0"
"Subtotal";"";"";"13.667.211";"216";"569.466";"";"1.518.579";"20";"4"
"";"";"PA";"3.756.582";"41";"91.624";"PRB / PSDC / PMN / PRP / SD / PEN";"344.951";"3";"1"
"";"";"";"3.756.582";"41";"91.624";"PPS";"117.754";"1";"0"
"";"";"";"3.756.582";"41";"91.624";"PSC";"164.609";"1";"1"
"";"";"";"3.756.582";"41";"91.624";"PSB";"194.327";"2";"0"
"";"";"";"3.756.582";"41";"91.624";"PMDB / PT";"925.360";"10";"1"
"";"";"";"3.756.582";"41";"91.624";"DEM";"177.206";"1";"1"
"";"";"";"3.756.582";"41";"91.624";"PDT / PPL / PTN / PSL";"205.235";"2";"0"
"";"";"";"3.756.582";"41";"91.624";"PV";"24.737";"0";"0"
"";"";"";"3.756.582";"41";"91.624";"PSDB / PSD / PTB / PP";"997.300";"10";"2"
"";"";"";"3.756.582";"41";"91.624";"PRTB";"936";"0";"0"
"";"";"";"3.756.582";"41";"91.624";"PTC / PT do B";"57.427";"0";"0"
"";"";"";"3.756.582";"41";"91.624";"PC do B";"94.244";"1";"0"
"";"";"";"3.756.582";"41";"91.624";"PCB";"2.369";"0";"0"
"";"";"";"3.756.582";"41";"91.624";"PR / PHS / PROS";"362.608";"3";"1"
"";"";"";"3.756.582";"41";"91.624";"PSOL / PSTU";"87.519";"0";"0"
"Subtotal";"";"";"56.348.730";"615";"1.374.360";"";"3.756.582";"34";"7"
"";"";"PB";"2.009.566";"36";"55.821";"PSD / PSC";"249.932";"4";"0"
"";"";"";"2.009.566";"36";"55.821";"PCO";"1.977";"0";"0"
"";"";"";"2.009.566";"36";"55.821";"PT";"111.510";"1";"1"
"";"";"";"2.009.566";"36";"55.821";"PSL / PC do B / PHS / PPL / PV";"165.818";"2";"1"
"";"";"";"2.009.566";"36";"55.821";"PSB / DEM / PRTB / PDT / PRP";"368.225";"6";"1"
"";"";"";"2.009.566";"36";"55.821";"PSDB / PEN / PP / PR / PTB";"652.302";"11";"1"
"";"";"";"2.009.566";"36";"55.821";"PTC";"2.379";"0";"0"
"";"";"";"2.009.566";"36";"55.821";"PROS";"25.807";"0";"0"
"";"";"";"2.009.566";"36";"55.821";"PMDB";"200.739";"3";"1"
"";"";"";"2.009.566";"36";"55.821";"PSTU";"826";"0";"0"
"";"";"";"2.009.566";"36";"55.821";"PT do B / SD / PPS / PTN / PMN / PSDC / PRB";"212.969";"3";"1"
"";"";"";"2.009.566";"36";"55.821";"PSOL";"17.082";"0";"0"
"Subtotal";"";"";"24.114.792";"432";"669.852";"";"2.009.566";"30";"6"
"";"";"PE";"4.602.632";"49";"93.931";"PCB";"3.263";"0";"0"
"";"";"";"4.602.632";"49";"93.931";"PTB / PT / PSC / PDT / PRB / PT do B";"1.118.570";"11";"1"
"";"";"";"4.602.632";"49";"93.931";"PSB / PMDB / PC do B / PR / PSD / PSDB / PPL / DEM / PEN / PTC";"2.338.982";"24";"2"
"";"";"";"4.602.632";"49";"93.931";"PSOL / PMN";"101.057";"1";"0"
"";"";"";"4.602.632";"49";"93.931";"PP / PROS";"452.788";"4";"1"
"";"";"";"4.602.632";"49";"93.931";"PRP / PSDC";"156.289";"1";"0"
"";"";"";"4.602.632";"49";"93.931";"PSTU";"7.841";"0";"0"
"";"";"";"4.602.632";"49";"93.931";"PTN / PRTB / PV / SD";"192.003";"2";"0"
"";"";"";"4.602.632";"49";"93.931";"PSL / PHS / PPS";"231.839";"2";"0"
"Subtotal";"";"";"41.423.688";"441";"845.379";"";"4.602.632";"45";"4"
"";"";"PI";"1.773.673";"30";"59.122";"PSDB / PMDB / PC do B / PSD / PRB / PDT / PSB";"1.007.901";"17";"1"
"";"";"";"1.773.673";"30";"59.122";"PPL";"2.012";"0";"0"
"";"";"";"1.773.673";"30";"59.122";"PV / PSL / PMN / PEN";"48.729";"0";"0"
"";"";"";"1.773.673";"30";"59.122";"PSC";"2.076";"0";"0"
"";"";"";"1.773.673";"30";"59.122";"PCO";"293";"0";"0"
"";"";"";"1.773.673";"30";"59.122";"PSTU";"2.437";"0";"0"
"";"";"";"1.773.673";"30";"59.122";"PT / PP / PTB / PHS / PR / PROS / PRP / SD";"587.660";"9";"1"
"";"";"";"1.773.673";"30";"59.122";"PSOL / PCB";"3.844";"0";"0"
"";"";"";"1.773.673";"30";"59.122";"PTC / PTN / PPS / DEM / PT do B / PSDC";"118.721";"2";"0"
"Subtotal";"";"";"15.963.057";"270";"532.098";"";"1.773.673";"28";"2"
"";"";"PR";"5.784.548";"54";"107.121";"SD";"132.751";"1";"0"
"";"";"";"5.784.548";"54";"107.121";"PT / PDT / PC do B / PRB";"847.612";"7";"1"
"";"";"";"5.784.548";"54";"107.121";"PV / PPL";"217.262";"2";"0"
"";"";"";"5.784.548";"54";"107.121";"PTB";"154.165";"1";"0"
"";"";"";"5.784.548";"54";"107.121";"PRP";"19.608";"0";"0"
"";"";"";"5.784.548";"54";"107.121";"PCB";"6.518";"0";"0"
"";"";"";"5.784.548";"54";"107.121";"PSD";"360.165";"3";"0"
"";"";"";"5.784.548";"54";"107.121";"PSDB / DEM / PSB / PROS / PHS";"1.251.419";"11";"2"
"";"";"";"5.784.548";"54";"107.121";"PP / PMN";"351.459";"3";"0"
"";"";"";"5.784.548";"54";"107.121";"PPS";"199.755";"1";"1"
"";"";"";"5.784.548";"54";"107.121";"PSOL";"32.171";"0";"0"
"";"";"";"5.784.548";"54";"107.121";"PSC / PR / PT do B";"1.154.582";"10";"2"
"";"";"";"5.784.548";"54";"107.121";"PSTU";"4.526";"0";"0"
"";"";"";"5.784.548";"54";"107.121";"PTC";"9.286";"0";"0"
"";"";"";"5.784.548";"54";"107.121";"PRTB";"2.579";"0";"0"
"";"";"";"5.784.548";"54";"107.121";"PMDB";"771.253";"7";"1"
"";"";"";"5.784.548";"54";"107.121";"PSDC / PEN";"87.713";"0";"0"
"";"";"";"5.784.548";"54";"107.121";"PTN";"44.065";"0";"0"
"";"";"";"5.784.548";"54";"107.121";"PSL";"137.659";"1";"0"
"Subtotal";"";"";"109.906.412";"1.026";"2.035.299";"";"5.784.548";"47";"7"
"";"";"RJ";"7.961.018";"70";"113.729";"PSD";"759.338";"6";"1"
"";"";"";"7.961.018";"70";"113.729";"PRB";"285.709";"2";"0"
"";"";"";"7.961.018";"70";"113.729";"PSDC / PMN";"204.637";"1";"1"
"";"";"";"7.961.018";"70";"113.729";"PSL";"273.030";"2";"0"
"";"";"";"7.961.018";"70";"113.729";"PSDB / PPS / DEM";"388.854";"3";"1"
"";"";"";"7.961.018";"70";"113.729";"PTB / PTN";"338.499";"2";"1"
"";"";"";"7.961.018";"70";"113.729";"PRP";"56.152";"0";"0"
"";"";"";"7.961.018";"70";"113.729";"PSTU";"10.138";"0";"0"
"";"";"";"7.961.018";"70";"113.729";"PSC / PTC";"218.982";"1";"1"
"";"";"";"7.961.018";"70";"113.729";"PMDB";"1.498.866";"13";"2"
"";"";"";"7.961.018";"70";"113.729";"PSB";"182.054";"1";"0"
"";"";"";"7.961.018";"70";"113.729";"PR / PROS";"775.102";"6";"2"
"";"";"";"7.961.018";"70";"113.729";"PT do B";"133.982";"1";"0"
"";"";"";"7.961.018";"70";"113.729";"PHS";"143.549";"1";"0"
"";"";"";"7.961.018";"70";"113.729";"PV";"79.738";"0";"0"
"";"";"";"7.961.018";"70";"113.729";"SD";"324.597";"2";"1"
"";"";"";"7.961.018";"70";"113.729";"PT";"607.282";"5";"1"
"";"";"";"7.961.018";"70";"113.729";"PP";"384.782";"3";"1"
"";"";"";"7.961.018";"70";"113.729";"PSOL";"553.465";"4";"1"
"";"";"";"7.961.018";"70";"113.729";"PC do B";"149.521";"1";"0"
"";"";"";"7.961.018";"70";"113.729";"PRTB / PPL";"111.195";"0";"0"
"";"";"";"7.961.018";"70";"113.729";"PCB";"6.151";"0";"0"
"";"";"";"7.961.018";"70";"113.729";"PEN";"109.644";"0";"0"
"";"";"";"7.961.018";"70";"113.729";"PDT";"365.751";"3";"0"
"Subtotal";"";"";"191.064.432";"1.680";"2.729.496";"";"7.961.018";"57";"13"
"";"";"RN";"1.659.073";"24";"69.128";"PSD / PP / PEN / PRTB / PTC";"219.307";"3";"0"
"";"";"";"1.659.073";"24";"69.128";"PMDB / PSB / PR / DEM / PDT / SD / PROS";"1.031.582";"14";"2"
"";"";"";"1.659.073";"24";"69.128";"PSOL";"23.985";"0";"0"
"";"";"";"1.659.073";"24";"69.128";"PSDB / PSC / PSDC / PMN / PRB / PRP";"103.851";"1";"0"
"";"";"";"1.659.073";"24";"69.128";"PV / PHS / PPS / PTN / PTB";"82.783";"1";"0"
"";"";"";"1.659.073";"24";"69.128";"PSTU";"7.202";"0";"0"
"";"";"";"1.659.073";"24";"69.128";"PT / PT do B / PC do B";"189.007";"2";"1"
"";"";"";"1.659.073";"24";"69.128";"PSL";"1.356";"0";"0"
"Subtotal";"";"";"13.272.584";"192";"553.024";"";"1.659.073";"21";"3"
"";"";"RO";"821.481";"24";"34.228";"PDT / PRTB / PRP";"88.827";"2";"1"
"";"";"";"821.481";"24";"34.228";"PMDB / PTN / PTB";"152.138";"4";"1"
"";"";"";"821.481";"24";"34.228";"PT";"74.731";"2";"0"
"";"";"";"821.481";"24";"34.228";"PSDC / PHS / PSC";"63.772";"1";"1"
"";"";"";"821.481";"24";"34.228";"PRB / PMN / PT do B";"83.272";"2";"0"
"";"";"";"821.481";"24";"34.228";"PEN / SD / PSD";"91.522";"2";"1"
"";"";"";"821.481";"24";"34.228";"PC do B / PSB / PSL";"55.988";"1";"0"
"";"";"";"821.481";"24";"34.228";"PP / PR / PPS / PTC / PV / PROS";"142.736";"4";"0"
"";"";"";"821.481";"24";"34.228";"PSDB / DEM";"66.065";"1";"1"
"";"";"";"821.481";"24";"34.228";"PSOL / PSTU";"2.430";"0";"0"
"Subtotal";"";"";"8.214.810";"240";"342.280";"";"821.481";"19";"5"
"";"";"RR";"253.494";"24";"10.562";"PSOL / PSTU";"1.863";"0";"0"
"";"";"";"253.494";"24";"10.562";"PR / PSC / PMN / PEN";"24.871";"2";"0"
"";"";"";"253.494";"24";"10.562";"PP / PTB / DEM";"14.913";"1";"0"
"";"";"";"253.494";"24";"10.562";"PRP";"20.669";"1";"1"
"";"";"";"253.494";"24";"10.562";"PRB";"28.124";"2";"1"
"";"";"";"253.494";"24";"10.562";"PSL / PSDC / PPL / PT do B";"34.164";"3";"1"
"";"";"";"253.494";"24";"10.562";"PV / PDT / PTC";"22.168";"2";"0"
"";"";"";"253.494";"24";"10.562";"PT / PC do B";"24.026";"2";"0"
"";"";"";"253.494";"24";"10.562";"PHS / PRTB / PPS";"24.995";"2";"0"
"";"";"";"253.494";"24";"10.562";"PMDB / SD / PSD / PSB / PSDB / PROS / PTN";"57.701";"5";"1"
"Subtotal";"";"";"2.534.940";"240";"105.620";"";"253.494";"20";"4"
"";"";"RS";"6.109.319";"55";"111.079";"PMN";"3.188";"0";"0"
"";"";"";"6.109.319";"55";"111.079";"PC do B / PPL / PR / PTC / PROS";"493.762";"4";"0"
"";"";"";"6.109.319";"55";"111.079";"PSDB / SD / PRB";"555.968";"5";"0"
"";"";"";"6.109.319";"55";"111.079";"PMDB";"840.454";"7";"1"
"";"";"";"6.109.319";"55";"111.079";"PRP";"4.776";"0";"0"
"";"";"";"6.109.319";"55";"111.079";"PCB";"2.247";"0";"0"
"";"";"";"6.109.319";"55";"111.079";"PSOL / PSTU";"124.049";"1";"0"
"";"";"";"6.109.319";"55";"111.079";"PDT / DEM";"885.130";"7";"1"
"";"";"";"6.109.319";"55";"111.079";"PRTB";"7.340";"0";"0"
"";"";"";"6.109.319";"55";"111.079";"PSB / PPS";"429.267";"3";"1"
"";"";"";"6.109.319";"55";"111.079";"PSC / PV / PEN";"112.409";"1";"0"
"";"";"";"6.109.319";"55";"111.079";"PT";"1.175.605";"10";"1"
"";"";"";"6.109.319";"55";"111.079";"PP";"830.495";"7";"0"
"";"";"";"6.109.319";"55";"111.079";"PSD / PHS / PT do B / PSDC / PSL";"124.789";"1";"0"
"";"";"";"6.109.319";"55";"111.079";"PTB";"519.840";"4";"1"
"Subtotal";"";"";"91.639.785";"825";"1.666.185";"";"6.109.319";"50";"5"
"";"";"SC";"3.551.635";"40";"88.791";"PDT / PROS / PTB / PC do B / PSDC / PV";"218.643";"2";"0"
"";"";"";"3.551.635";"40";"88.791";"PP";"379.865";"4";"0"
"";"";"";"3.551.635";"40";"88.791";"PSTU";"3.462";"0";"0"
"";"";"";"3.551.635";"40";"88.791";"PRP";"7.214";"0";"0"
"";"";"";"3.551.635";"40";"88.791";"PSDB / PEN";"376.916";"4";"0"
"";"";"";"3.551.635";"40";"88.791";"PPL / PMN";"4.955";"0";"0"
"";"";"";"3.551.635";"40";"88.791";"PSC";"47.430";"0";"0"
"";"";"";"3.551.635";"40";"88.791";"PSD / DEM / PMDB / PRB";"1.591.040";"17";"3"
"";"";"";"3.551.635";"40";"88.791";"PT";"425.529";"4";"1"
"";"";"";"3.551.635";"40";"88.791";"PSB / PPS / PTC / PHS / PSL / PT do B / PRTB / PTN / SD";"232.938";"2";"1"
"";"";"";"3.551.635";"40";"88.791";"PSOL";"72.158";"0";"0"
"";"";"";"3.551.635";"40";"88.791";"PR";"191.485";"2";"0"
"Subtotal";"";"";"42.619.620";"480";"1.065.492";"";"3.551.635";"35";"5"
"";"";"SE";"1.052.441";"24";"43.852";"PSOL / PSTU / PCB";"11.838";"0";"0"
"";"";"";"1.052.441";"24";"43.852";"PRB / PDT / PRP / PROS / PC do B / PSDC";"136.462";"3";"0"
"";"";"";"1.052.441";"24";"43.852";"PPL";"1.549";"0";"0"
"";"";"";"1.052.441";"24";"43.852";"PP / PTB / PSL / PSC / PR / DEM / PT do B / PTC / SD / PSDB";"472.787";"10";"1"
"";"";"";"1.052.441";"24";"43.852";"PT / PMDB / PSB / PSD";"403.595";"9";"1"
"";"";"";"1.052.441";"24";"43.852";"PPS / PMN / PHS / PV / PEN";"26.210";"0";"0"
"Subtotal";"";"";"6.314.646";"144";"263.112";"";"1.052.441";"22";"2"
"";"";"SP";"20.869.483";"94";"222.016";"PSDB / DEM / PPS / PRB";"7.504.365";"33";"4"
"";"";"";"20.869.483";"94";"222.016";"PSOL / PSTU";"519.012";"2";"0"
"";"";"";"20.869.483";"94";"222.016";"PCO";"4.617";"0";"0"
"";"";"";"20.869.483";"94";"222.016";"PEN";"440.348";"1";"1"
"";"";"";"20.869.483";"94";"222.016";"PRTB";"60.310";"0";"0"
"";"";"";"20.869.483";"94";"222.016";"PDT";"400.555";"1";"0"
"";"";"";"20.869.483";"94";"222.016";"PV";"1.306.750";"5";"1"
"";"";"";"20.869.483";"94";"222.016";"PPL";"42.924";"0";"0"
"";"";"";"20.869.483";"94";"222.016";"PSC";"622.238";"2";"1"
"";"";"";"20.869.483";"94";"222.016";"PP / PMDB / PSD";"2.397.302";"10";"1"
"";"";"";"20.869.483";"94";"222.016";"PT";"3.070.069";"13";"2"
"";"";"";"20.869.483";"94";"222.016";"PHS";"233.147";"1";"0"
"";"";"";"20.869.483";"94";"222.016";"PSDC";"32.966";"0";"0"
"";"";"";"20.869.483";"94";"222.016";"PRP";"165.817";"0";"0"
"";"";"";"20.869.483";"94";"222.016";"PTB";"606.701";"2";"0"
"";"";"";"20.869.483";"94";"222.016";"SD";"405.073";"1";"0"
"";"";"";"20.869.483";"94";"222.016";"PR";"615.025";"2";"1"
"";"";"";"20.869.483";"94";"222.016";"PSB";"1.261.861";"5";"1"
"";"";"";"20.869.483";"94";"222.016";"PROS";"120.661";"0";"0"
"";"";"";"20.869.483";"94";"222.016";"PC do B";"503.474";"2";"0"
"";"";"";"20.869.483";"94";"222.016";"PSL / PTN / PMN / PTC / PT do B";"556.268";"2";"0"
"Subtotal";"";"";"438.259.143";"1.974";"4.662.336";"";"20.869.483";"82";"12"
"";"";"TO";"756.705";"24";"31.529";"DEM / PP / PSDB / SD / PPS / PR / PTB / PEN";"351.328";"11";"1"
"";"";"";"756.705";"24";"31.529";"PT / PV";"99.394";"3";"0"
"";"";"";"756.705";"24";"31.529";"PSB";"44.395";"1";"0"
"";"";"";"756.705";"24";"31.529";"PSOL";"3.385";"0";"0"
"";"";"";"756.705";"24";"31.529";"PMDB / PSD";"139.650";"4";"1"
"";"";"";"756.705";"24";"31.529";"PCB";"774";"0";"0"
"";"";"";"756.705";"24";"31.529";"PSC / PSL / PTC / PRP / PRTB / PHS / PRB / PDT";"74.683";"2";"0"
"";"";"";"756.705";"24";"31.529";"PROS / PTN / PPL / PMN / PSDC / PC do B / PT do B";"43.096";"1";"0"
"Subtotal";"";"";"6.053.640";"192";"252.232";"";"756.705";"22";"2"
"Subtotal";"";"";"1.494.534.514";"14.048";"26.902.034";"";"97.635.752";"900";"135"
"";"Deputado Distrital";"DF";"1.525.265";"24";"63.553";"PRTB / PMN";"117.924";"1";"1"
"";"";"";"1.525.265";"24";"63.553";"PPS";"58.857";"0";"0"
"";"";"";"1.525.265";"24";"63.553";"PEN / PSL";"70.098";"1";"0"
"";"";"";"1.525.265";"24";"63.553";"PSB / PDT / SD";"205.764";"3";"1"
"";"";"";"1.525.265";"24";"63.553";"PSC / PROS";"45.213";"0";"0"
"";"";"";"1.525.265";"24";"63.553";"PT do B / PHS";"83.359";"1";"0"
"";"";"";"1.525.265";"24";"63.553";"PC do B / PPL / PTN";"129.178";"2";"0"
"";"";"";"1.525.265";"24";"63.553";"PSD";"36.739";"0";"0"
"";"";"";"1.525.265";"24";"63.553";"PRP / PV";"87.698";"1";"0"
"";"";"";"1.525.265";"24";"63.553";"PCB";"456";"0";"0"
"";"";"";"1.525.265";"24";"63.553";"PRB / PTC";"98.963";"1";"1"
"";"";"";"1.525.265";"24";"63.553";"PSDB / PSDC";"67.846";"1";"0"
"";"";"";"1.525.265";"24";"63.553";"PSTU";"893";"0";"0"
"";"";"";"1.525.265";"24";"63.553";"PSOL";"25.836";"0";"0"
"";"";"";"1.525.265";"24";"63.553";"PR / PTB";"95.155";"1";"1"
"";"";"";"1.525.265";"24";"63.553";"DEM";"33.392";"0";"0"
"";"";"";"1.525.265";"24";"63.553";"PCO";"351";"0";"0"
"";"";"";"1.525.265";"24";"63.553";"PMDB";"145.663";"2";"1"
"";"";"";"1.525.265";"24";"63.553";"PT / PP";"221.880";"3";"2"
"Subtotal";"";"";"28.980.035";"456";"1.207.507";"";"1.525.265";"17";"7"
"Subtotal";"";"";"28.980.035";"456";"1.207.507";"";"1.525.265";"17";"7"
"Subtotal";"";"";"2.691.764.718";"20.117";"69.674.184";"";"196.517.666";"1.357";"215"
"Total Geral";"";"";"2.691.764.718";"20.117";"69.674.184";"";"196.517.666";"1.357";"215"
